client_id,ubo_name,nationality,ownership_pct,pep_flag,id_verified,screening_status
KYC-2001,Yuki Khan,TR,100.0,False,True,CLEAR
KYC-2002,Omar Laurent,CH,74.7,False,True,CLEAR
KYC-2002,Yuki Costa,CH,25.3,False,True,CLEAR
KYC-2003,Priya Singh,FR,63.4,False,True,CLEAR
KYC-2003,Lukas Hansen,FR,36.6,False,True,CLEAR
KYC-2004,Priya Petrov,IN,100.0,False,True,CLEAR
KYC-2005,Alex Petrov,IT,44.2,False,True,CLEAR
KYC-2005,Omar Mehta,US,39.8,False,True,CLEAR
KYC-2005,Sofia Kowalski,ES,9.1,False,True,CLEAR
KYC-2005,Alex Mehta,BR,6.9,False,True,CLEAR
KYC-2006,Amara Rossi,DE,64.7,False,True,CLEAR
KYC-2006,Ingrid Silva,IN,30.4,False,True,CLEAR
KYC-2006,Nadia Rossi,GB,4.8,False,True,CLEAR
KYC-2007,Ingrid Singh,NL,69.5,False,True,CLEAR
KYC-2007,Nadia Kowalski,IN,10.4,False,True,CLEAR
KYC-2007,Jonas Silva,PL,20.1,False,True,CLEAR
KYC-2008,Daniel Novak,NL,100.0,True,True,CLEAR
KYC-2009,Rahul Rossi,US,56.7,False,True,CLEAR
KYC-2009,Lukas Rossi,GB,8.6,False,True,CLEAR
KYC-2009,Ingrid Singh,US,0.0,False,True,CLEAR
KYC-2009,Jonas Novak,TR,34.7,False,True,CLEAR
KYC-2010,Chen Okafor,IT,16.9,False,True,CLEAR
KYC-2010,Maria Laurent,CH,15.5,False,True,CLEAR
KYC-2010,Yuki Singh,IN,2.6,False,True,CLEAR
KYC-2010,Daniel Silva,ES,6.4,False,True,CLEAR
KYC-2011,Maria Fischer,NL,77.4,False,True,CLEAR
KYC-2011,Sofia Martin,LU,22.6,False,True,CLEAR
KYC-2012,Yuki Fischer,DE,47.8,False,True,CLEAR
KYC-2012,Sofia Mehta,GB,52.2,False,True,CLEAR
KYC-2013,Lukas Novak,IN,43.8,False,True,CLEAR
KYC-2013,Hassan Mehta,ES,17.1,False,True,CLEAR
KYC-2014,Amara Meyer,TR,75.2,False,True,CLEAR
KYC-2014,Nadia Okafor,LU,24.8,False,False,CLEAR
KYC-2015,Jonas Singh,BR,30.0,True,True,CLEAR
KYC-2015,Maria Tanaka,US,1.0,False,True,POTENTIAL_MATCH
KYC-2015,Alex Martin,PL,5.0,False,True,CLEAR
KYC-2015,Chen Novak,SG,2.9,False,True,CLEAR
KYC-2016,Alex Costa,AE,100.0,False,True,CLEAR
KYC-2017,Priya Khan,IN,100.0,False,True,POTENTIAL_MATCH
KYC-2018,Chen Rossi,ES,100.0,False,True,CLEAR
KYC-2019,Elena Hansen,DE,100.0,False,True,CLEAR
KYC-2020,Lukas Costa,TR,81.7,False,True,CLEAR
KYC-2020,Amara Singh,BR,18.3,False,True,CLEAR
KYC-2021,Maria Hansen,TR,43.1,False,True,CLEAR
KYC-2021,Daniel Petrov,AE,56.9,False,True,CLEAR
KYC-2022,Daniel Khan,SG,58.1,True,True,CLEAR
KYC-2022,Jonas Fischer,IT,39.8,False,True,CLEAR
KYC-2022,Jonas Meyer,IN,2.1,False,True,CLEAR
KYC-2023,Sofia Kowalski,IN,49.6,False,True,CLEAR
KYC-2023,Ingrid Hansen,LU,9.2,False,True,CLEAR
KYC-2023,Maria Petrov,PL,7.1,False,True,CLEAR
KYC-2023,Maria Khan,FR,34.1,False,True,CLEAR
KYC-2024,Omar Petrov,PL,60.5,False,True,POTENTIAL_MATCH
KYC-2024,Maria Novak,TR,39.5,False,True,CLEAR
KYC-2025,Maria Meyer,PL,72.2,False,True,CLEAR
KYC-2025,Clara Weber,BR,27.8,False,True,CLEAR
KYC-2026,Elena Martin,GB,32.0,True,True,CLEAR
KYC-2026,Ingrid Singh,IN,5.1,False,True,NOT_SCREENED
KYC-2026,Nadia Martin,FR,0.5,False,False,CLEAR
KYC-2026,Alex Tanaka,NL,3.7,False,True,CLEAR
KYC-2027,Elena Khan,SG,100.0,False,True,CLEAR
KYC-2028,Alex Petrov,GB,78.2,False,True,CLEAR
KYC-2028,Hassan Kowalski,SG,21.8,False,True,CLEAR
KYC-2029,Elena Dubois,GB,54.1,False,True,CLEAR
KYC-2029,Daniel Petrov,AE,1.5,False,True,CLEAR
KYC-2029,Elena Singh,PL,32.9,False,True,CLEAR
KYC-2029,Priya Kowalski,FR,11.5,False,True,CLEAR
KYC-2030,Hassan Meyer,IN,71.8,False,True,CLEAR
KYC-2030,Nadia Novak,SG,28.2,False,True,CLEAR
KYC-2031,Alex Kowalski,CH,32.8,False,True,CLEAR
KYC-2031,Nadia Mehta,BR,7.3,False,True,CLEAR
KYC-2032,Rahul Okafor,PL,100.0,False,True,CLEAR
KYC-2033,Priya Silva,LU,50.4,False,True,CLEAR
KYC-2033,Chen Okafor,BR,49.6,False,True,CLEAR
KYC-2034,Marco Petrov,CH,58.6,False,True,CLEAR
KYC-2035,Sofia Weber,SG,53.4,False,True,CLEAR
KYC-2035,Marco Okafor,PL,27.1,False,True,CLEAR
KYC-2035,Marco Meyer,TR,19.5,False,True,CLEAR
KYC-2036,Hassan Singh,TR,28.4,False,True,CLEAR
KYC-2036,Alex Mehta,US,20.1,False,True,CLEAR
KYC-2037,Rahul Weber,SG,58.7,False,True,CLEAR
KYC-2037,Jonas Singh,GB,41.3,False,True,CLEAR
KYC-2038,Priya Martin,PL,74.9,False,True,CLEAR
KYC-2038,Daniel Hansen,IN,7.0,False,True,CLEAR
KYC-2038,Alex Silva,US,18.1,False,True,CLEAR
KYC-2039,Rahul Singh,LU,53.3,False,True,CLEAR
KYC-2039,Yuki Rossi,NL,20.3,False,True,CLEAR
KYC-2039,Sofia Mehta,FR,26.4,False,True,CLEAR
KYC-2040,Elena Costa,SG,67.4,False,True,CLEAR
KYC-2040,Nadia Petrov,IT,32.6,False,True,CLEAR
KYC-2041,Jonas Weber,DE,53.5,False,True,CLEAR
KYC-2041,Yuki Costa,DE,35.7,False,False,CLEAR
KYC-2041,Nadia Hansen,FR,10.8,False,True,NOT_SCREENED
KYC-2042,Maria Laurent,GB,100.0,False,True,CLEAR
KYC-2043,Elena Khan,BR,65.8,False,True,CLEAR
KYC-2043,Chen Dubois,FR,34.2,False,True,CLEAR
KYC-2044,Lukas Laurent,PL,40.9,False,True,CLEAR
KYC-2044,Maria Tanaka,CH,59.1,False,True,CLEAR
KYC-2045,Marco Fischer,SG,61.2,False,True,CLEAR
KYC-2045,Maria Meyer,PL,38.8,False,True,CLEAR
KYC-2046,Amara Kowalski,IN,63.3,False,True,CLEAR
KYC-2046,Amara Fischer,SG,4.3,False,True,POTENTIAL_MATCH
KYC-2046,Hassan Tanaka,AE,32.5,False,True,CLEAR
KYC-2047,Alex Tanaka,NL,60.8,False,True,CLEAR
KYC-2047,Elena Rossi,PL,32.7,False,True,CLEAR
KYC-2047,Alex Tanaka,IN,2.5,False,True,CLEAR
KYC-2047,Lukas Laurent,US,4.1,False,True,CLEAR
KYC-2048,Amara Singh,LU,55.6,True,True,CLEAR
KYC-2049,Daniel Costa,US,52.9,False,True,CLEAR
KYC-2049,Omar Costa,FR,47.1,False,True,CLEAR
KYC-2050,Chen Hansen,US,100.0,False,True,CLEAR
KYC-2051,Nadia Novak,AE,100.0,False,True,CLEAR
KYC-2052,Yuki Okafor,US,57.8,False,True,CLEAR
KYC-2052,Priya Weber,TR,2.0,False,True,CLEAR
KYC-2052,Sofia Tanaka,CH,36.3,False,True,CLEAR
KYC-2052,Lukas Hansen,CH,3.9,False,True,CLEAR
KYC-2053,Sofia Silva,FR,69.5,False,True,CLEAR
KYC-2053,Alex Laurent,GB,7.3,False,True,CLEAR
KYC-2053,Chen Weber,LU,23.2,False,True,CLEAR
KYC-2054,Daniel Tanaka,US,100.0,False,True,CLEAR
KYC-2055,Nadia Khan,LU,69.3,False,True,CLEAR
KYC-2055,Marco Okafor,BR,30.7,False,True,CLEAR
KYC-2056,Clara Costa,SG,73.4,False,True,CLEAR
KYC-2056,Lukas Fischer,DE,3.6,True,True,CLEAR
KYC-2056,Nadia Martin,FR,21.4,False,True,CLEAR
KYC-2056,Alex Okafor,IT,1.6,True,True,CLEAR
KYC-2057,Hassan Novak,SG,100.0,False,True,CLEAR
KYC-2058,Clara Fischer,BR,100.0,False,True,CLEAR
KYC-2059,Amara Mehta,TR,100.0,False,True,CLEAR
KYC-2060,Rahul Mehta,LU,35.6,False,True,CLEAR
KYC-2061,Rahul Costa,CH,72.2,False,True,CLEAR
KYC-2061,Daniel Okafor,FR,27.8,False,True,CLEAR
KYC-2062,Chen Singh,CH,67.0,True,True,CLEAR
KYC-2062,Hassan Khan,IN,10.6,False,True,CLEAR
KYC-2062,Jonas Dubois,BR,16.9,False,False,CLEAR
KYC-2062,Amara Kowalski,SG,5.5,False,True,CLEAR
KYC-2063,Lukas Laurent,LU,100.0,False,True,CLEAR
KYC-2064,Marco Dubois,BR,77.2,False,True,CLEAR
KYC-2064,Daniel Hansen,DE,2.2,False,False,CLEAR
KYC-2064,Amara Silva,US,20.5,False,False,CLEAR
KYC-2065,Alex Okafor,GB,41.5,False,True,CLEAR
KYC-2065,Chen Hansen,BR,58.5,False,True,CLEAR
KYC-2066,Omar Costa,LU,100.0,False,True,CLEAR
KYC-2067,Amara Mehta,NL,62.7,False,True,CLEAR
KYC-2067,Sofia Costa,US,37.3,False,True,CLEAR
KYC-2068,Ingrid Khan,DE,49.0,False,True,CLEAR
KYC-2068,Yuki Silva,ES,51.0,False,True,CLEAR
KYC-2069,Omar Novak,NL,100.0,False,True,CLEAR
KYC-2070,Lukas Dubois,IN,77.9,False,True,CLEAR
KYC-2070,Jonas Laurent,ES,22.1,False,True,CLEAR
KYC-2071,Jonas Martin,BR,45.9,False,True,CLEAR
KYC-2071,Alex Meyer,CH,54.1,False,True,CLEAR
KYC-2072,Sofia Okafor,CH,52.8,False,False,CLEAR
KYC-2072,Hassan Kowalski,DE,39.3,False,True,NOT_SCREENED
KYC-2072,Yuki Rossi,CH,7.9,False,True,CLEAR
KYC-2073,Rahul Tanaka,PL,53.7,False,False,CLEAR
KYC-2073,Chen Okafor,NL,46.3,False,True,CLEAR
KYC-2074,Ingrid Tanaka,BR,100.0,False,True,CLEAR
KYC-2075,Yuki Costa,GB,100.0,False,True,CLEAR
KYC-2076,Chen Dubois,NL,28.7,False,True,CLEAR
KYC-2076,Priya Petrov,CH,27.6,False,True,CLEAR
KYC-2077,Jonas Mehta,ES,66.1,False,True,CLEAR
KYC-2078,Maria Fischer,DE,29.9,False,True,CLEAR
KYC-2078,Alex Weber,ES,22.1,False,True,CLEAR
KYC-2079,Omar Okafor,GB,47.0,False,False,CLEAR
KYC-2079,Jonas Mehta,PL,15.4,False,True,CLEAR
KYC-2079,Yuki Meyer,TR,3.0,False,True,CLEAR
KYC-2079,Jonas Dubois,PL,34.6,False,True,CLEAR
KYC-2080,Jonas Dubois,IN,67.7,False,True,CLEAR
KYC-2080,Jonas Laurent,NL,12.6,False,True,CLEAR
KYC-2080,Jonas Hansen,IN,19.7,False,True,CLEAR
KYC-2081,Clara Hansen,BR,54.5,False,True,CLEAR
KYC-2081,Jonas Silva,LU,40.4,False,True,CLEAR
KYC-2081,Elena Meyer,AE,5.1,False,True,CLEAR
KYC-2082,Omar Kowalski,TR,47.9,False,True,CLEAR
KYC-2082,Amara Meyer,NL,52.1,False,True,CLEAR
KYC-2083,Nadia Laurent,IN,100.0,False,True,CLEAR
KYC-2084,Marco Singh,DE,65.2,False,True,CLEAR
KYC-2084,Marco Novak,IN,31.8,False,True,CLEAR
KYC-2084,Priya Meyer,LU,0.4,False,True,CLEAR
KYC-2084,Chen Costa,GB,2.7,False,True,CLEAR
KYC-2085,Lukas Weber,SG,100.0,False,True,CLEAR
KYC-2086,Amara Hansen,FR,100.0,False,True,CLEAR
KYC-2087,Daniel Rossi,BR,67.9,False,True,CLEAR
KYC-2087,Rahul Meyer,LU,6.6,False,True,NOT_SCREENED
KYC-2087,Jonas Dubois,NL,25.5,False,True,CLEAR
KYC-2088,Hassan Hansen,US,58.3,False,True,CLEAR
KYC-2088,Alex Martin,IN,41.7,False,True,CLEAR
KYC-2089,Ingrid Laurent,DE,21.6,False,True,CLEAR
KYC-2089,Rahul Singh,FR,30.8,False,True,CLEAR
KYC-2090,Jonas Weber,DE,80.8,False,True,CLEAR
KYC-2090,Sofia Kowalski,LU,19.2,False,True,POTENTIAL_MATCH
KYC-2091,Daniel Singh,IT,78.3,False,True,CLEAR
KYC-2091,Rahul Mehta,NL,21.7,False,True,CLEAR
KYC-2092,Omar Meyer,CH,82.7,False,False,CLEAR
KYC-2092,Yuki Weber,LU,17.3,False,True,CLEAR
KYC-2093,Yuki Silva,IN,25.5,True,True,CLEAR
KYC-2093,Priya Petrov,US,16.7,False,True,CLEAR
KYC-2094,Daniel Martin,FR,46.4,True,True,CLEAR
KYC-2094,Priya Dubois,FR,8.3,False,True,CLEAR
KYC-2094,Lukas Rossi,AE,45.3,True,True,CLEAR
KYC-2095,Marco Khan,IT,75.9,False,True,CLEAR
KYC-2095,Chen Tanaka,IN,24.1,False,False,CLEAR
KYC-2096,Ingrid Meyer,BR,100.0,False,True,CLEAR
KYC-2097,Chen Fischer,ES,53.8,False,True,CLEAR
KYC-2097,Maria Laurent,US,5.4,False,True,CLEAR
KYC-2097,Maria Weber,IT,40.7,False,True,CLEAR
KYC-2098,Elena Novak,ES,100.0,False,True,CLEAR
KYC-2099,Lukas Petrov,SG,100.0,False,True,CLEAR
KYC-2100,Daniel Martin,IT,100.0,False,True,CLEAR
KYC-2101,Elena Khan,AE,51.2,False,True,CLEAR
KYC-2101,Maria Hansen,ES,7.4,False,True,CLEAR
KYC-2101,Jonas Khan,LU,26.5,False,True,CLEAR
KYC-2101,Sofia Kowalski,IN,14.8,False,True,CLEAR
KYC-2102,Clara Kowalski,BR,52.3,False,True,CLEAR
KYC-2103,Omar Laurent,IN,51.8,False,True,CLEAR
KYC-2103,Clara Khan,IT,48.2,False,True,CLEAR
KYC-2104,Omar Costa,TR,100.0,False,True,CLEAR
KYC-2105,Marco Dubois,PL,100.0,False,True,CLEAR
KYC-2106,Amara Singh,DE,79.2,False,True,CLEAR
KYC-2106,Daniel Meyer,LU,20.8,False,True,CLEAR
KYC-2107,Omar Okafor,BR,72.4,False,True,CLEAR
KYC-2107,Maria Silva,BR,0.5,False,True,CLEAR
KYC-2107,Yuki Martin,AE,15.7,False,True,CLEAR
KYC-2107,Omar Petrov,BR,11.4,False,True,CLEAR
KYC-2108,Lukas Costa,IN,78.5,False,True,CLEAR
KYC-2108,Rahul Tanaka,CH,15.3,False,True,CLEAR
KYC-2108,Hassan Rossi,PL,6.2,False,True,CLEAR
KYC-2109,Daniel Mehta,IT,44.5,False,True,CLEAR
KYC-2109,Clara Meyer,IT,14.0,False,True,CLEAR
KYC-2109,Hassan Silva,BR,7.4,False,True,CLEAR
KYC-2110,Rahul Martin,DE,80.7,False,True,CLEAR
KYC-2110,Maria Silva,ES,10.3,False,True,CLEAR
KYC-2110,Ingrid Fischer,FR,5.3,False,True,CLEAR
KYC-2110,Clara Kowalski,CH,3.7,False,True,CLEAR
KYC-2111,Amara Okafor,IN,80.9,False,True,CLEAR
KYC-2111,Elena Khan,US,19.1,False,True,CLEAR
KYC-2112,Sofia Costa,SG,27.8,False,True,CLEAR
KYC-2112,Maria Silva,PL,12.2,False,True,CLEAR
KYC-2112,Clara Okafor,FR,11.8,False,True,CLEAR
KYC-2113,Elena Laurent,BR,43.6,False,True,CLEAR
KYC-2113,Alex Silva,CH,13.4,False,True,CLEAR
KYC-2113,Ingrid Novak,AE,16.5,False,False,CLEAR
KYC-2113,Lukas Okafor,NL,26.4,False,True,CLEAR
KYC-2114,Alex Rossi,GB,100.0,False,True,CLEAR
KYC-2115,Chen Petrov,BR,47.3,False,True,CLEAR
KYC-2115,Clara Laurent,FR,52.7,False,True,CLEAR
KYC-2116,Daniel Laurent,LU,65.9,False,True,CLEAR
KYC-2116,Priya Meyer,LU,11.8,False,True,CLEAR
KYC-2116,Jonas Costa,GB,22.3,False,True,CLEAR
KYC-2117,Omar Fischer,TR,100.0,False,True,CLEAR
KYC-2118,Sofia Dubois,SG,100.0,False,True,CLEAR
KYC-2119,Chen Khan,DE,100.0,False,True,CLEAR
KYC-2120,Jonas Martin,SG,100.0,False,True,CLEAR
